QUERY_KEY,DOC_KEY,RANK
1,NORMA-19903,1
1,NORMA-19747,2
1,NORMA-19594,3
1,NORMA-18546,4
1,NORMA-18892,5
1,NORMA-19568,6
1,NORMA-19980,7
1,NORMA-19604,8
1,NORMA-20064,9
1,NORMA-20957,10
1,NORMA-20156,11
1,NORMA-19978,12
1,NORMA-18911,13
1,NORMA-20808,14
1,NORMA-21105,15
1,NORMA-20512,16
1,NORMA-20535,17
1,NORMA-20246,18
1,NORMA-19963,19
1,NORMA-20042,20
1,NORMA-18715,21
1,NORMA-18784,22
1,NORMA-6949,23
1,NORMA-18666,24
1,NORMA-18481,25
1,NORMA-21754,26
1,NORMA-19964,27
1,NORMA-18505,28
1,NORMA-21118,29
1,NORMA-18678,30
1,NORMA-18853,31
1,NORMA-20287,32
1,NORMA-18909,33
1,NORMA-19752,34
1,NORMA-21779,35
1,NORMA-19630,36
1,NORMA-21235,37
1,NORMA-20659,38
1,NORMA-18845,39
1,NORMA-20424,40
1,NORMA-19364,41
1,NORMA-19286,42
1,NORMA-21359,43
1,NORMA-19952,44
1,NORMA-20507,45
1,NORMA-18312,46
1,NORMA-18850,47
1,NORMA-18480,48
1,NORMA-18664,49
1,NORMA-18786,50
2,NORMA-18910,1
2,NORMA-18741,2
2,NORMA-18673,3
2,NORMA-13990,4
2,NORMA-21344,5
2,NORMA-18528,6
2,NORMA-20790,7
2,NORMA-10298,8
2,NORMA-6968,9
2,NORMA-16402,10
2,NORMA-5380,11
2,NORMA-6176,12
2,NORMA-21535,13
2,NORMA-21586,14
2,NORMA-21638,15
2,NORMA-20139,16
2,NORMA-21269,17
2,NORMA-21443,18
2,NORMA-21155,19
2,NORMA-21637,20
2,NORMA-18970,21
2,NORMA-12314,22
2,NORMA-19674,23
2,NORMA-19408,24
2,NORMA-12492,25
2,NORMA-21613,26
2,NORMA-13848,27
2,NORMA-18967,28
2,NORMA-5335,29
2,NORMA-11419,30
2,NORMA-10986,31
2,NORMA-8442,32
2,NORMA-21361,33
2,NORMA-10843,34
2,NORMA-11352,35
2,NORMA-11184,36
2,NORMA-21404,37
2,NORMA-11186,38
2,NORMA-7867,39
2,NORMA-18842,40
2,NORMA-5336,41
2,NORMA-8212,42
2,NORMA-5185,43
2,NORMA-27362,44
2,NORMA-15358,45
2,NORMA-12380,46
2,NORMA-12516,47
2,NORMA-11185,48
2,NORMA-8121,49
2,NORMA-12371,50
3,NORMA-229,1
3,NORMA-1141,2
3,NORMA-21175,3
3,NORMA-1147,4
3,NORMA-21367,5
3,NORMA-534,6
3,NORMA-19152,7
3,NORMA-560,8
3,NORMA-20865,9
3,NORMA-396,10
3,NORMA-1171,11
3,NORMA-1674,12
3,NORMA-1463,13
3,NORMA-11664,14
3,NORMA-972,15
3,NORMA-20917,16
3,NORMA-19596,17
3,NORMA-772,18
3,NORMA-974,19
3,NORMA-20292,20
3,NORMA-18780,21
3,NORMA-7279,22
3,NORMA-19095,23
3,NORMA-219,24
3,NORMA-9821,25
3,NORMA-19387,26
3,NORMA-6249,27
3,NORMA-20774,28
3,NORMA-1183,29
3,NORMA-20909,30
3,NORMA-21258,31
3,NORMA-19104,32
3,NORMA-18213,33
3,NORMA-12102,34
3,NORMA-19755,35
3,NORMA-27555,36
3,NORMA-18816,37
3,NORMA-21699,38
3,NORMA-20925,39
3,NORMA-6598,40
3,NORMA-27501,41
3,NORMA-19103,42
3,NORMA-21506,43
3,NORMA-19523,44
3,NORMA-18761,45
3,NORMA-21483,46
3,NORMA-19431,47
3,NORMA-15542,48
3,NORMA-20077,49
3,NORMA-20902,50
4,NORMA-19629,1
4,NORMA-20223,2
4,NORMA-21065,3
4,NORMA-19689,4
4,NORMA-6685,5
4,NORMA-6184,6
4,NORMA-13797,7
4,NORMA-20730,8
4,NORMA-20704,9
4,NORMA-18670,10
4,NORMA-18427,11
4,NORMA-20890,12
4,NORMA-20058,13
4,NORMA-21390,14
4,NORMA-19942,15
4,NORMA-18626,16
4,NORMA-19583,17
4,NORMA-19526,18
4,NORMA-18243,19
4,NORMA-21575,20
4,NORMA-19429,21
4,NORMA-19691,22
4,NORMA-21638,23
4,NORMA-18668,24
4,NORMA-18682,25
4,NORMA-18653,26
4,NORMA-18391,27
4,NORMA-19518,28
4,NORMA-21269,29
4,NORMA-19927,30
4,NORMA-18972,31
4,NORMA-3503,32
4,NORMA-18748,33
4,NORMA-6253,34
4,NORMA-20295,35
4,NORMA-18916,36
4,NORMA-21203,37
4,NORMA-21361,38
4,NORMA-18769,39
4,NORMA-11664,40
4,NORMA-13298,41
4,NORMA-21666,42
4,NORMA-19515,43
4,NORMA-18286,44
4,NORMA-21649,45
4,NORMA-19909,46
4,NORMA-21149,47
4,NORMA-21404,48
4,NORMA-18405,49
4,NORMA-21064,50
5,NORMA-5252,1
5,NORMA-18270,2
5,NORMA-3942,3
5,NORMA-7392,4
5,NORMA-18255,5
5,NORMA-10749,6
5,NORMA-22861,7
5,NORMA-21616,8
5,NORMA-20968,9
5,NORMA-20225,10
5,NORMA-19158,11
5,NORMA-21606,12
5,NORMA-18386,13
5,NORMA-19361,14
5,NORMA-20444,15
5,NORMA-18722,16
5,NORMA-21444,17
5,NORMA-19295,18
5,NORMA-18418,19
5,NORMA-18729,20
5,NORMA-21369,21
5,NORMA-18697,22
5,NORMA-20630,23
5,NORMA-20670,24
5,NORMA-19642,25
5,NORMA-19330,26
5,NORMA-18807,27
5,NORMA-18802,28
5,NORMA-4318,29
5,NORMA-6268,30
5,NORMA-18450,31
5,NORMA-8814,32
5,NORMA-4182,33
5,NORMA-20389,34
5,NORMA-19828,35
5,NORMA-18952,36
5,NORMA-27610,37
5,NORMA-19784,38
5,NORMA-684,39
5,NORMA-6488,40
5,NORMA-5586,41
5,NORMA-7390,42
5,NORMA-21547,43
5,NORMA-20376,44
5,NORMA-20398,45
5,NORMA-20407,46
5,NORMA-21352,47
5,NORMA-5626,48
5,NORMA-27063,49
5,NORMA-21363,50
6,NORMA-20223,1
6,NORMA-19629,2
6,NORMA-19590,3
6,NORMA-19616,4
6,NORMA-9803,5
6,NORMA-14967,6
6,NORMA-6708,7
6,NORMA-19583,8
6,NORMA-20890,9
6,NORMA-18668,10
6,NORMA-11567,11
6,NORMA-11722,12
6,NORMA-19782,13
6,NORMA-12739,14
6,NORMA-18972,15
6,NORMA-6881,16
6,NORMA-6701,17
6,NORMA-18286,18
6,NORMA-7028,19
6,NORMA-9835,20
6,NORMA-6643,21
6,NORMA-15396,22
6,NORMA-27365,23
6,NORMA-12613,24
6,NORMA-13789,25
6,NORMA-11516,26
6,NORMA-6685,27
6,NORMA-9481,28
6,NORMA-6184,29
6,NORMA-11603,30
6,NORMA-11733,31
6,NORMA-11667,32
6,NORMA-11720,33
6,NORMA-11669,34
6,NORMA-13345,35
6,NORMA-11606,36
6,NORMA-11762,37
6,NORMA-11558,38
6,NORMA-11559,39
6,NORMA-11602,40
6,NORMA-12415,41
6,NORMA-14850,42
6,NORMA-12923,43
6,NORMA-13124,44
6,NORMA-11477,45
6,NORMA-13308,46
6,NORMA-11761,47
6,NORMA-11721,48
6,NORMA-11520,49
6,NORMA-11680,50
7,NORMA-18530,1
7,NORMA-21711,2
7,NORMA-18753,3
7,NORMA-19194,4
7,NORMA-19982,5
7,NORMA-18337,6
7,NORMA-20879,7
7,NORMA-20990,8
7,NORMA-19321,9
7,NORMA-13402,10
7,NORMA-20491,11
7,NORMA-20901,12
7,NORMA-18756,13
7,NORMA-20887,14
7,NORMA-19698,15
7,NORMA-18211,16
7,NORMA-20927,17
7,NORMA-21497,18
7,NORMA-19047,19
7,NORMA-19514,20
7,NORMA-19711,21
7,NORMA-21141,22
7,NORMA-21389,23
7,NORMA-21402,24
7,NORMA-21499,25
7,NORMA-23361,26
7,NORMA-19512,27
7,NORMA-19622,28
7,NORMA-21059,29
7,NORMA-20202,30
7,NORMA-19040,31
7,NORMA-21638,32
7,NORMA-18970,33
7,NORMA-19477,34
7,NORMA-12038,35
7,NORMA-10309,36
7,NORMA-11687,37
7,NORMA-11734,38
7,NORMA-19674,39
7,NORMA-20996,40
7,NORMA-18523,41
7,NORMA-11731,42
7,NORMA-11715,43
7,NORMA-11814,44
7,NORMA-21202,45
7,NORMA-3966,46
7,NORMA-20599,47
7,NORMA-21050,48
7,NORMA-20273,49
7,NORMA-12029,50
8,NORMA-20517,1
8,NORMA-18958,2
8,NORMA-19883,3
8,NORMA-20422,4
8,NORMA-20428,5
8,NORMA-19724,6
8,NORMA-21290,7
8,NORMA-20192,8
8,NORMA-18873,9
8,NORMA-20513,10
8,NORMA-20514,11
8,NORMA-20439,12
8,NORMA-21459,13
8,NORMA-21524,14
8,NORMA-21437,15
8,NORMA-18430,16
8,NORMA-20183,17
8,NORMA-20105,18
8,NORMA-20989,19
8,NORMA-20189,20
8,NORMA-20316,21
8,NORMA-21369,22
8,NORMA-21717,23
8,NORMA-12982,24
8,NORMA-9870,25
8,NORMA-21189,26
8,NORMA-21444,27
8,NORMA-19622,28
8,NORMA-21414,29
8,NORMA-18884,30
8,NORMA-21361,31
8,NORMA-20426,32
8,NORMA-21269,33
8,NORMA-15861,34
8,NORMA-20139,35
8,NORMA-12776,36
8,NORMA-20468,37
8,NORMA-18994,38
8,NORMA-19874,39
8,NORMA-18996,40
8,NORMA-20812,41
8,NORMA-20677,42
8,NORMA-20443,43
8,NORMA-21197,44
8,NORMA-19371,45
8,NORMA-18970,46
8,NORMA-19206,47
8,NORMA-20790,48
8,NORMA-20465,49
8,NORMA-19406,50
9,NORMA-21120,1
9,NORMA-18871,2
9,NORMA-18271,3
9,NORMA-19186,4
9,NORMA-19088,5
9,NORMA-20302,6
9,NORMA-3966,7
9,NORMA-18351,8
9,NORMA-19639,9
9,NORMA-18280,10
9,NORMA-21283,11
9,NORMA-21697,12
9,NORMA-21764,13
9,NORMA-19939,14
9,NORMA-13797,15
9,NORMA-19167,16
9,NORMA-19811,17
9,NORMA-6887,18
9,NORMA-21499,19
9,NORMA-18427,20
9,NORMA-18730,21
9,NORMA-19512,22
9,NORMA-5913,23
9,NORMA-19012,24
9,NORMA-19648,25
9,NORMA-19477,26
9,NORMA-4195,27
9,NORMA-18604,28
9,NORMA-15029,29
9,NORMA-6489,30
9,NORMA-4102,31
9,NORMA-18299,32
9,NORMA-3541,33
9,NORMA-21389,34
9,NORMA-18363,35
9,NORMA-20536,36
9,NORMA-18466,37
9,NORMA-18748,38
9,NORMA-20704,39
9,NORMA-20073,40
9,NORMA-3503,41
9,NORMA-20108,42
9,NORMA-21021,43
9,NORMA-20117,44
9,NORMA-20138,45
9,NORMA-19969,46
9,NORMA-20144,47
9,NORMA-21274,48
9,NORMA-21409,49
9,NORMA-18577,50
10,NORMA-18910,1
10,NORMA-6968,2
10,NORMA-6176,3
10,NORMA-21344,4
10,NORMA-21402,5
10,NORMA-21638,6
10,NORMA-19972,7
10,NORMA-10298,8
10,NORMA-21269,9
10,NORMA-13402,10
10,NORMA-21703,11
10,NORMA-21649,12
10,NORMA-16424,13
10,NORMA-23361,14
10,NORMA-18211,15
10,NORMA-1248,16
10,NORMA-20922,17
10,NORMA-20790,18
10,NORMA-13610,19
10,NORMA-1374,20
10,NORMA-21711,21
10,NORMA-21706,22
10,NORMA-1470,23
10,NORMA-1192,24
10,NORMA-1164,25
10,NORMA-1296,26
10,NORMA-20138,27
10,NORMA-19303,28
10,NORMA-15339,29
10,NORMA-5380,30
10,NORMA-9890,31
10,NORMA-27364,32
10,NORMA-13470,33
10,NORMA-27044,34
10,NORMA-14746,35
10,NORMA-13918,36
10,NORMA-21700,37
10,NORMA-8442,38
10,NORMA-5335,39
10,NORMA-11419,40
10,NORMA-10986,41
10,NORMA-11352,42
10,NORMA-10843,43
10,NORMA-12314,44
10,NORMA-11184,45
10,NORMA-11186,46
10,NORMA-7867,47
10,NORMA-5336,48
10,NORMA-8212,49
10,NORMA-5185,50
11,NORMA-20696,1
11,NORMA-20977,2
11,NORMA-20293,3
11,NORMA-20507,4
11,NORMA-18989,5
11,NORMA-19426,6
11,NORMA-19442,7
11,NORMA-20989,8
11,NORMA-20806,9
11,NORMA-20557,10
11,NORMA-19797,11
11,NORMA-20519,12
11,NORMA-20397,13
11,NORMA-20249,14
11,NORMA-188,15
11,NORMA-20718,16
11,NORMA-20993,17
11,NORMA-21305,18
11,NORMA-1092,19
11,NORMA-21717,20
11,NORMA-20191,21
11,NORMA-14629,22
11,NORMA-20429,23
11,NORMA-16462,24
11,NORMA-19588,25
11,NORMA-20210,26
11,NORMA-14703,27
11,NORMA-20452,28
11,NORMA-26,29
11,NORMA-20205,30
11,NORMA-15701,31
11,NORMA-18430,32
11,NORMA-12837,33
11,NORMA-12777,34
11,NORMA-11913,35
11,NORMA-14725,36
11,NORMA-12685,37
11,NORMA-28961,38
11,NORMA-10749,39
11,NORMA-13699,40
11,NORMA-14995,41
11,NORMA-3723,42
11,NORMA-6320,43
11,NORMA-20854,44
11,NORMA-834,45
11,NORMA-22861,46
11,NORMA-4239,47
11,NORMA-4117,48
11,NORMA-6766,49
11,NORMA-6251,50
13,NORMA-20201,1
13,NORMA-19105,2
13,NORMA-20199,3
13,NORMA-18576,4
13,NORMA-20421,5
13,NORMA-27001,6
13,NORMA-19799,7
13,NORMA-20709,8
13,NORMA-20700,9
13,NORMA-21729,10
13,NORMA-20708,11
13,NORMA-18221,12
13,NORMA-20200,13
13,NORMA-18958,14
13,NORMA-19724,15
13,NORMA-19445,16
13,NORMA-21158,17
13,NORMA-18906,18
13,NORMA-21774,19
13,NORMA-19088,20
13,NORMA-18605,21
13,NORMA-15060,22
13,NORMA-18748,23
13,NORMA-18730,24
13,NORMA-18284,25
13,NORMA-19391,26
13,NORMA-19503,27
13,NORMA-12911,28
13,NORMA-18677,29
13,NORMA-3503,30
13,NORMA-21420,31
13,NORMA-19939,32
13,NORMA-19655,33
13,NORMA-21697,34
13,NORMA-18604,35
13,NORMA-12880,36
13,NORMA-19969,37
13,NORMA-13959,38
13,NORMA-20468,39
13,NORMA-18465,40
13,NORMA-19167,41
13,NORMA-1620,42
13,NORMA-20465,43
13,NORMA-21404,44
13,NORMA-7149,45
13,NORMA-21468,46
13,NORMA-21746,47
13,NORMA-18337,48
13,NORMA-20065,49
13,NORMA-20336,50
14,NORMA-20248,1
14,NORMA-19629,2
14,NORMA-20058,3
14,NORMA-21065,4
14,NORMA-20713,5
14,NORMA-18243,6
14,NORMA-20893,7
14,NORMA-19429,8
14,NORMA-21526,9
14,NORMA-21186,10
14,NORMA-19927,11
14,NORMA-21554,12
14,NORMA-19942,13
14,NORMA-18996,14
14,NORMA-20073,15
14,NORMA-19583,16
14,NORMA-19553,17
14,NORMA-19925,18
14,NORMA-20138,19
14,NORMA-21575,20
14,NORMA-6629,21
14,NORMA-19351,22
14,NORMA-20597,23
14,NORMA-18391,24
14,NORMA-20817,25
14,NORMA-18626,26
14,NORMA-18511,27
14,NORMA-19039,28
14,NORMA-14746,29
14,NORMA-18668,30
14,NORMA-27364,31
14,NORMA-15339,32
14,NORMA-19003,33
14,NORMA-21651,34
14,NORMA-19459,35
14,NORMA-18574,36
14,NORMA-3662,37
14,NORMA-13918,38
14,NORMA-13470,39
14,NORMA-18682,40
14,NORMA-18450,41
14,NORMA-21666,42
14,NORMA-27044,43
14,NORMA-18900,44
14,NORMA-18781,45
14,NORMA-21678,46
14,NORMA-5751,47
14,NORMA-21122,48
14,NORMA-19969,49
14,NORMA-20102,50
15,NORMA-21717,1
15,NORMA-19733,2
15,NORMA-21459,3
15,NORMA-19727,4
15,NORMA-18699,5
15,NORMA-3571,6
15,NORMA-18562,7
15,NORMA-18729,8
15,NORMA-21277,9
15,NORMA-4318,10
15,NORMA-21535,11
15,NORMA-18886,12
15,NORMA-19769,13
15,NORMA-18327,14
15,NORMA-18381,15
15,NORMA-18691,16
15,NORMA-20300,17
15,NORMA-21617,18
15,NORMA-21278,19
15,NORMA-18269,20
15,NORMA-20936,21
15,NORMA-19704,22
15,NORMA-21631,23
15,NORMA-20963,24
15,NORMA-21312,25
15,NORMA-20601,26
15,NORMA-20863,27
15,NORMA-19303,28
15,NORMA-19245,29
15,NORMA-19329,30
15,NORMA-21185,31
15,NORMA-21132,32
15,NORMA-21241,33
15,NORMA-18697,34
15,NORMA-21776,35
15,NORMA-19580,36
15,NORMA-19408,37
15,NORMA-18418,38
15,NORMA-19607,39
15,NORMA-19985,40
15,NORMA-19905,41
15,NORMA-19330,42
15,NORMA-20818,43
15,NORMA-20089,44
15,NORMA-3638,45
15,NORMA-20817,46
15,NORMA-21177,47
15,NORMA-3577,48
15,NORMA-12067,49
15,NORMA-19081,50
16,NORMA-6968,1
16,NORMA-18910,2
16,NORMA-10298,3
16,NORMA-6176,4
16,NORMA-21344,5
16,NORMA-21638,6
16,NORMA-23101,7
16,NORMA-1445,8
16,NORMA-16424,9
16,NORMA-21703,10
16,NORMA-1114,11
16,NORMA-1248,12
16,NORMA-22862,13
16,NORMA-21269,14
16,NORMA-21402,15
16,NORMA-21409,16
16,NORMA-1164,17
16,NORMA-1374,18
16,NORMA-1192,19
16,NORMA-1470,20
16,NORMA-20790,21
16,NORMA-21748,22
16,NORMA-1296,23
16,NORMA-21649,24
16,NORMA-19303,25
16,NORMA-23361,26
16,NORMA-13610,27
16,NORMA-12490,28
16,NORMA-12911,29
16,NORMA-13795,30
16,NORMA-14744,31
16,NORMA-12437,32
16,NORMA-14390,33
16,NORMA-13514,34
16,NORMA-9890,35
16,NORMA-20139,36
16,NORMA-11352,37
16,NORMA-1485,38
16,NORMA-21404,39
16,NORMA-21538,40
16,NORMA-1365,41
16,NORMA-11419,42
16,NORMA-10843,43
16,NORMA-21586,44
16,NORMA-21637,45
16,NORMA-8442,46
16,NORMA-21700,47
16,NORMA-21361,48
16,NORMA-21305,49
16,NORMA-21275,50
17,NORMA-21122,1
17,NORMA-20585,2
17,NORMA-19281,3
17,NORMA-20921,4
17,NORMA-18781,5
17,NORMA-20762,6
17,NORMA-21185,7
17,NORMA-20586,8
17,NORMA-14725,9
17,NORMA-21191,10
17,NORMA-8161,11
17,NORMA-20883,12
17,NORMA-20737,13
17,NORMA-16382,14
17,NORMA-3662,15
17,NORMA-19913,16
17,NORMA-20963,17
17,NORMA-20863,18
17,NORMA-7233,19
17,NORMA-5751,20
17,NORMA-20562,21
17,NORMA-20799,22
17,NORMA-20274,23
17,NORMA-19008,24
17,NORMA-19071,25
17,NORMA-11263,26
17,NORMA-3978,27
17,NORMA-18337,28
17,NORMA-3509,29
17,NORMA-5162,30
17,NORMA-5969,31
17,NORMA-4279,32
17,NORMA-8771,33
17,NORMA-5184,34
17,NORMA-12649,35
17,NORMA-13594,36
17,NORMA-12631,37
17,NORMA-11086,38
17,NORMA-14652,39
17,NORMA-13552,40
17,NORMA-6895,41
17,NORMA-27063,42
17,NORMA-14302,43
17,NORMA-27449,44
17,NORMA-18609,45
17,NORMA-19066,46
17,NORMA-6685,47
17,NORMA-6184,48
17,NORMA-6439,49
17,NORMA-19634,50
18,NORMA-21116,1
18,NORMA-18419,2
18,NORMA-20718,3
18,NORMA-21054,4
18,NORMA-19263,5
18,NORMA-20981,6
18,NORMA-21602,7
18,NORMA-21577,8
18,NORMA-25122,9
18,NORMA-21287,10
18,NORMA-18849,11
18,NORMA-21557,12
18,NORMA-19360,13
18,NORMA-19487,14
18,NORMA-18792,15
18,NORMA-18488,16
18,NORMA-18310,17
18,NORMA-19157,18
18,NORMA-18739,19
18,NORMA-18613,20
18,NORMA-21354,21
18,NORMA-20806,22
18,NORMA-19053,23
18,NORMA-18512,24
18,NORMA-19708,25
18,NORMA-18956,26
18,NORMA-22861,27
18,NORMA-18917,28
18,NORMA-19403,29
18,NORMA-19830,30
18,NORMA-6448,31
18,NORMA-20210,32
18,NORMA-28841,33
18,NORMA-361,34
18,NORMA-20448,35
18,NORMA-20426,36
18,NORMA-20423,37
18,NORMA-20443,38
18,NORMA-21264,39
18,NORMA-6383,40
18,NORMA-23521,41
18,NORMA-21752,42
18,NORMA-20453,43
18,NORMA-3662,44
18,NORMA-20854,45
18,NORMA-19192,46
18,NORMA-5993,47
18,NORMA-20513,48
18,NORMA-20514,49
18,NORMA-6560,50
19,NORMA-24941,1
19,NORMA-21635,2
19,NORMA-21701,3
19,NORMA-21295,4
19,NORMA-21738,5
19,NORMA-14910,6
19,NORMA-21578,7
19,NORMA-21332,8
19,NORMA-21743,9
19,NORMA-11538,10
19,NORMA-12697,11
19,NORMA-21761,12
19,NORMA-21660,13
19,NORMA-19374,14
19,NORMA-21423,15
19,NORMA-21050,16
19,NORMA-25701,17
19,NORMA-9934,18
19,NORMA-20273,19
19,NORMA-18971,20
19,NORMA-28982,21
19,NORMA-2068,22
19,NORMA-19712,23
19,NORMA-21724,24
19,NORMA-1924,25
19,NORMA-501,26
19,NORMA-14646,27
19,NORMA-19267,28
19,NORMA-19194,29
19,NORMA-19321,30
19,NORMA-19317,31
19,NORMA-21202,32
19,NORMA-21279,33
19,NORMA-19961,34
19,NORMA-20632,35
19,NORMA-29261,36
19,NORMA-20092,37
19,NORMA-20112,38
19,NORMA-20230,39
19,NORMA-19622,40
19,NORMA-19623,41
19,NORMA-19047,42
19,NORMA-21067,43
19,NORMA-20702,44
19,NORMA-20777,45
19,NORMA-20990,46
19,NORMA-21407,47
19,NORMA-21188,48
19,NORMA-27261,49
19,NORMA-29202,50
20,NORMA-6448,1
20,NORMA-18886,2
20,NORMA-19769,3
20,NORMA-19027,4
20,NORMA-21535,5
20,NORMA-21277,6
20,NORMA-18327,7
20,NORMA-18269,8
20,NORMA-18562,9
20,NORMA-21717,10
20,NORMA-21591,11
20,NORMA-21585,12
20,NORMA-21312,13
20,NORMA-7250,14
20,NORMA-6736,15
20,NORMA-20863,16
20,NORMA-21575,17
20,NORMA-7387,18
20,NORMA-19733,19
20,NORMA-18381,20
20,NORMA-14724,21
20,NORMA-20924,22
20,NORMA-20599,23
20,NORMA-4786,24
20,NORMA-27044,25
20,NORMA-8706,26
20,NORMA-11356,27
20,NORMA-27364,28
20,NORMA-13470,29
20,NORMA-13918,30
20,NORMA-19080,31
20,NORMA-12956,32
20,NORMA-14746,33
20,NORMA-12733,34
20,NORMA-12415,35
20,NORMA-12923,36
20,NORMA-13124,37
20,NORMA-18729,38
20,NORMA-13308,39
20,NORMA-20817,40
20,NORMA-21769,41
20,NORMA-19985,42
20,NORMA-309,43
20,NORMA-21173,44
20,NORMA-3767,45
20,NORMA-18335,46
20,NORMA-3571,47
20,NORMA-18699,48
20,NORMA-20943,49
20,NORMA-18474,50
21,NORMA-19643,1
21,NORMA-21659,2
21,NORMA-21676,3
21,NORMA-21209,4
21,NORMA-19017,5
21,NORMA-2249,6
21,NORMA-21628,7
21,NORMA-19472,8
21,NORMA-21611,9
21,NORMA-2043,10
21,NORMA-2047,11
21,NORMA-24582,12
21,NORMA-26701,13
21,NORMA-21451,14
21,NORMA-19381,15
21,NORMA-19256,16
21,NORMA-19062,17
21,NORMA-21254,18
21,NORMA-18966,19
21,NORMA-21341,20
21,NORMA-18750,21
21,NORMA-22561,22
21,NORMA-21550,23
21,NORMA-21387,24
21,NORMA-19096,25
21,NORMA-21351,26
21,NORMA-21328,27
21,NORMA-18536,28
21,NORMA-12246,29
21,NORMA-21626,30
21,NORMA-19578,31
21,NORMA-21367,32
21,NORMA-19152,33
21,NORMA-21413,34
21,NORMA-17201,35
21,NORMA-19522,36
21,NORMA-19521,37
21,NORMA-26841,38
21,NORMA-21506,39
21,NORMA-11766,40
21,NORMA-11571,41
21,NORMA-21305,42
21,NORMA-20906,43
21,NORMA-21725,44
21,NORMA-21028,45
21,NORMA-2269,46
21,NORMA-20108,47
21,NORMA-20912,48
21,NORMA-18762,49
21,NORMA-21739,50
23,NORMA-20423,1
23,NORMA-21268,2
23,NORMA-20590,3
23,NORMA-20796,4
23,NORMA-778,5
23,NORMA-2120,6
23,NORMA-1672,7
23,NORMA-8677,8
23,NORMA-207,9
23,NORMA-20349,10
23,NORMA-18788,11
23,NORMA-18797,12
23,NORMA-23501,13
23,NORMA-20359,14
23,NORMA-3382,15
23,NORMA-15521,16
23,NORMA-20217,17
23,NORMA-20189,18
23,NORMA-21012,19
23,NORMA-6880,20
23,NORMA-21755,21
23,NORMA-82,22
23,NORMA-19486,23
23,NORMA-6758,24
23,NORMA-220,25
23,NORMA-20192,26
23,NORMA-18394,27
23,NORMA-19456,28
23,NORMA-75,29
23,NORMA-19200,30
23,NORMA-21698,31
23,NORMA-19509,32
23,NORMA-19507,33
23,NORMA-18695,34
23,NORMA-20885,35
23,NORMA-12039,36
23,NORMA-20476,37
23,NORMA-19866,38
23,NORMA-3241,39
23,NORMA-18466,40
23,NORMA-20880,41
23,NORMA-19012,42
23,NORMA-23862,43
23,NORMA-1641,44
23,NORMA-18299,45
23,NORMA-19011,46
23,NORMA-19016,47
23,NORMA-29301,48
23,NORMA-11474,49
23,NORMA-18468,50
24,NORMA-1295,1
24,NORMA-1433,2
24,NORMA-76,3
24,NORMA-1674,4
24,NORMA-385,5
24,NORMA-838,6
24,NORMA-483,7
24,NORMA-2395,8
24,NORMA-1361,9
24,NORMA-21135,10
24,NORMA-850,11
24,NORMA-21308,12
24,NORMA-20271,13
24,NORMA-1996,14
24,NORMA-18434,15
24,NORMA-20853,16
24,NORMA-1175,17
24,NORMA-1171,18
24,NORMA-24961,19
24,NORMA-2157,20
24,NORMA-423,21
24,NORMA-1352,22
24,NORMA-21199,23
24,NORMA-11999,24
24,NORMA-12002,25
24,NORMA-21305,26
24,NORMA-20426,27
24,NORMA-11780,28
24,NORMA-220,29
24,NORMA-11631,30
24,NORMA-12228,31
24,NORMA-1631,32
24,NORMA-15004,33
24,NORMA-18233,34
24,NORMA-12160,35
24,NORMA-11790,36
24,NORMA-19895,37
24,NORMA-28281,38
24,NORMA-19380,39
24,NORMA-1585,40
24,NORMA-12035,41
24,NORMA-15521,42
24,NORMA-3382,43
24,NORMA-75,44
24,NORMA-12015,45
24,NORMA-82,46
24,NORMA-21052,47
24,NORMA-19456,48
24,NORMA-20995,49
24,NORMA-19568,50
25,NORMA-19096,1
25,NORMA-21550,2
25,NORMA-21626,3
25,NORMA-20425,4
25,NORMA-20941,5
25,NORMA-21705,6
25,NORMA-18446,7
25,NORMA-20021,8
25,NORMA-984,9
25,NORMA-7110,10
25,NORMA-21052,11
25,NORMA-18796,12
25,NORMA-21496,13
25,NORMA-20451,14
25,NORMA-21461,15
25,NORMA-20428,16
25,NORMA-21398,17
25,NORMA-12657,18
25,NORMA-21506,19
25,NORMA-6948,20
25,NORMA-19715,21
25,NORMA-3201,22
25,NORMA-21228,23
25,NORMA-8028,24
25,NORMA-21739,25
25,NORMA-19380,26
25,NORMA-75,27
25,NORMA-18233,28
25,NORMA-20995,29
25,NORMA-18541,30
25,NORMA-18762,31
25,NORMA-21419,32
25,NORMA-818,33
25,NORMA-19212,34
25,NORMA-21113,35
25,NORMA-11739,36
25,NORMA-21367,37
25,NORMA-18492,38
25,NORMA-11571,39
25,NORMA-21023,40
25,NORMA-19431,41
25,NORMA-19152,42
25,NORMA-19378,43
25,NORMA-11615,44
25,NORMA-18219,45
25,NORMA-18364,46
25,NORMA-20435,47
25,NORMA-704,48
25,NORMA-12102,49
25,NORMA-18411,50
26,NORMA-20073,1
26,NORMA-13797,2
26,NORMA-21065,3
26,NORMA-20582,4
26,NORMA-20983,5
26,NORMA-18748,6
26,NORMA-20034,7
26,NORMA-1407,8
26,NORMA-3503,9
26,NORMA-21791,10
26,NORMA-21264,11
26,NORMA-21200,12
26,NORMA-18313,13
26,NORMA-19442,14
26,NORMA-19798,15
26,NORMA-20291,16
26,NORMA-20028,17
26,NORMA-21630,18
26,NORMA-19770,19
26,NORMA-13158,20
26,NORMA-20070,21
26,NORMA-1613,22
26,NORMA-18900,23
26,NORMA-15581,24
26,NORMA-21544,25
26,NORMA-20817,26
26,NORMA-20569,27
26,NORMA-18474,28
26,NORMA-15211,29
26,NORMA-12067,30
26,NORMA-14937,31
26,NORMA-21131,32
26,NORMA-20907,33
26,NORMA-13469,34
26,NORMA-21012,35
26,NORMA-16202,36
26,NORMA-19808,37
26,NORMA-18444,38
26,NORMA-7466,39
26,NORMA-20157,40
26,NORMA-19574,41
26,NORMA-20219,42
26,NORMA-5421,43
26,NORMA-19953,44
26,NORMA-20572,45
26,NORMA-21217,46
26,NORMA-21250,47
26,NORMA-4710,48
26,NORMA-19030,49
26,NORMA-20023,50
27,NORMA-567,1
27,NORMA-20188,2
27,NORMA-20309,3
27,NORMA-19092,4
27,NORMA-20744,5
27,NORMA-20578,6
27,NORMA-11723,7
27,NORMA-21519,8
27,NORMA-18436,9
27,NORMA-20756,10
27,NORMA-18345,11
27,NORMA-20263,12
27,NORMA-15581,13
27,NORMA-18548,14
27,NORMA-21126,15
27,NORMA-21299,16
27,NORMA-20182,17
27,NORMA-20304,18
27,NORMA-18539,19
27,NORMA-5226,20
27,NORMA-18805,21
27,NORMA-21002,22
27,NORMA-19593,23
27,NORMA-11570,24
27,NORMA-854,25
27,NORMA-16941,26
27,NORMA-18885,27
27,NORMA-18981,28
27,NORMA-21288,29
27,NORMA-26102,30
27,NORMA-20098,31
27,NORMA-20443,32
27,NORMA-11839,33
27,NORMA-16481,34
27,NORMA-27761,35
27,NORMA-14578,36
27,NORMA-20908,37
27,NORMA-18822,38
27,NORMA-12762,39
27,NORMA-20945,40
27,NORMA-22721,41
27,NORMA-19096,42
27,NORMA-11720,43
27,NORMA-18690,44
27,NORMA-21626,45
27,NORMA-11316,46
27,NORMA-20205,47
27,NORMA-13610,48
27,NORMA-18219,49
27,NORMA-14279,50
28,NORMA-6395,1
28,NORMA-6710,2
28,NORMA-6655,3
28,NORMA-7095,4
28,NORMA-19337,5
28,NORMA-12245,6
28,NORMA-6676,7
28,NORMA-18747,8
28,NORMA-10267,9
28,NORMA-8931,10
28,NORMA-11454,11
28,NORMA-18631,12
28,NORMA-19646,13
28,NORMA-19128,14
28,NORMA-21744,15
28,NORMA-6677,16
28,NORMA-21245,17
28,NORMA-21225,18
28,NORMA-18201,19
28,NORMA-21261,20
28,NORMA-20797,21
28,NORMA-19684,22
28,NORMA-21650,23
28,NORMA-20135,24
28,NORMA-19650,25
28,NORMA-833,26
28,NORMA-20402,27
28,NORMA-20796,28
28,NORMA-22941,29
28,NORMA-12094,30
28,NORMA-15242,31
28,NORMA-12171,32
28,NORMA-12859,33
28,NORMA-12236,34
28,NORMA-21521,35
28,NORMA-1516,36
28,NORMA-27062,37
28,NORMA-15921,38
28,NORMA-1463,39
28,NORMA-15901,40
28,NORMA-11866,41
28,NORMA-6894,42
28,NORMA-13471,43
28,NORMA-21429,44
28,NORMA-28422,45
28,NORMA-12237,46
28,NORMA-6957,47
28,NORMA-21105,48
28,NORMA-18646,49
28,NORMA-12063,50
29,NORMA-1433,1
29,NORMA-1295,2
29,NORMA-76,3
29,NORMA-483,4
29,NORMA-358,5
29,NORMA-1442,6
29,NORMA-1332,7
29,NORMA-996,8
29,NORMA-1306,9
29,NORMA-1260,10
29,NORMA-21135,11
29,NORMA-1173,12
29,NORMA-18434,13
29,NORMA-21126,14
29,NORMA-976,15
29,NORMA-18446,16
29,NORMA-18436,17
29,NORMA-2157,18
29,NORMA-751,19
29,NORMA-18740,20
29,NORMA-18798,21
29,NORMA-1398,22
29,NORMA-972,23
29,NORMA-18301,24
29,NORMA-21308,25
29,NORMA-818,26
29,NORMA-18219,27
29,NORMA-2496,28
29,NORMA-385,29
29,NORMA-2523,30
29,NORMA-18492,31
29,NORMA-15521,32
29,NORMA-12039,33
29,NORMA-7110,34
29,NORMA-19895,35
29,NORMA-12165,36
29,NORMA-18424,37
29,NORMA-17221,38
29,NORMA-3382,39
29,NORMA-20477,40
29,NORMA-2413,41
29,NORMA-20849,42
29,NORMA-21069,43
29,NORMA-12657,44
29,NORMA-18450,45
29,NORMA-20460,46
29,NORMA-19568,47
29,NORMA-23501,48
29,NORMA-18541,49
29,NORMA-20995,50
30,NORMA-19155,1
30,NORMA-20870,2
30,NORMA-21002,3
30,NORMA-20934,4
30,NORMA-21147,5
30,NORMA-2413,6
30,NORMA-18388,7
30,NORMA-11316,8
30,NORMA-729,9
30,NORMA-20344,10
30,NORMA-20945,11
30,NORMA-20690,12
30,NORMA-1619,13
30,NORMA-18216,14
30,NORMA-13138,15
30,NORMA-5008,16
30,NORMA-7149,17
30,NORMA-4898,18
30,NORMA-4297,19
30,NORMA-6075,20
30,NORMA-18771,21
30,NORMA-18807,22
30,NORMA-18233,23
30,NORMA-22561,24
30,NORMA-18440,25
30,NORMA-18950,26
30,NORMA-19828,27
30,NORMA-21157,28
30,NORMA-18819,29
30,NORMA-18378,30
30,NORMA-18298,31
30,NORMA-782,32
30,NORMA-18838,33
30,NORMA-11756,34
30,NORMA-21158,35
30,NORMA-220,36
30,NORMA-20865,37
30,NORMA-21496,38
30,NORMA-18439,39
30,NORMA-11757,40
30,NORMA-21025,41
30,NORMA-18414,42
30,NORMA-21046,43
30,NORMA-21028,44
30,NORMA-21085,45
30,NORMA-18377,46
30,NORMA-18303,47
30,NORMA-483,48
30,NORMA-21063,49
30,NORMA-8522,50
31,NORMA-20590,1
31,NORMA-21268,2
31,NORMA-20423,3
31,NORMA-21540,4
31,NORMA-19960,5
31,NORMA-2383,6
31,NORMA-207,7
31,NORMA-20187,8
31,NORMA-535,9
31,NORMA-19733,10
31,NORMA-1567,11
31,NORMA-3181,12
31,NORMA-3592,13
31,NORMA-19593,14
31,NORMA-26,15
31,NORMA-1092,16
31,NORMA-854,17
31,NORMA-21755,18
31,NORMA-21321,19
31,NORMA-13802,20
31,NORMA-2076,21
31,NORMA-13138,22
31,NORMA-21110,23
31,NORMA-21267,24
31,NORMA-19928,25
31,NORMA-22561,26
31,NORMA-23501,27
31,NORMA-555,28
31,NORMA-1994,29
31,NORMA-21648,30
31,NORMA-1341,31
31,NORMA-15542,32
31,NORMA-22941,33
31,NORMA-2269,34
31,NORMA-18394,35
31,NORMA-17201,36
31,NORMA-20217,37
31,NORMA-21256,38
31,NORMA-782,39
31,NORMA-1740,40
31,NORMA-2184,41
31,NORMA-13106,42
31,NORMA-21631,43
31,NORMA-11615,44
31,NORMA-19205,45
31,NORMA-10326,46
31,NORMA-21367,47
31,NORMA-21398,48
31,NORMA-6669,49
31,NORMA-12872,50
32,NORMA-20941,1
32,NORMA-385,2
32,NORMA-21069,3
32,NORMA-1674,4
32,NORMA-20865,5
32,NORMA-21147,6
32,NORMA-1175,7
32,NORMA-21308,8
32,NORMA-1171,9
32,NORMA-18446,10
32,NORMA-20853,11
32,NORMA-18233,12
32,NORMA-18298,13
32,NORMA-21739,14
32,NORMA-20945,15
32,NORMA-18863,16
32,NORMA-18819,17
32,NORMA-20271,18
32,NORMA-20690,19
32,NORMA-18806,20
32,NORMA-18798,21
32,NORMA-21043,22
32,NORMA-18301,23
32,NORMA-18364,24
32,NORMA-13402,25
32,NORMA-18306,26
32,NORMA-21199,27
32,NORMA-19380,28
32,NORMA-6757,29
32,NORMA-766,30
32,NORMA-18388,31
32,NORMA-7025,32
32,NORMA-11756,33
32,NORMA-11144,34
32,NORMA-11496,35
32,NORMA-9297,36
32,NORMA-21025,37
32,NORMA-124,38
32,NORMA-729,39
32,NORMA-13480,40
32,NORMA-18541,41
32,NORMA-19587,42
32,NORMA-12160,43
32,NORMA-20995,44
32,NORMA-21792,45
32,NORMA-13195,46
32,NORMA-15004,47
32,NORMA-483,48
32,NORMA-18219,49
32,NORMA-13954,50
33,NORMA-5421,1
33,NORMA-20803,2
33,NORMA-2517,3
33,NORMA-21650,4
33,NORMA-2158,5
33,NORMA-19933,6
33,NORMA-19977,7
33,NORMA-20096,8
33,NORMA-1573,9
33,NORMA-21456,10
33,NORMA-19609,11
33,NORMA-18922,12
33,NORMA-20869,13
33,NORMA-229,14
33,NORMA-7279,15
33,NORMA-20849,16
33,NORMA-19919,17
33,NORMA-21508,18
33,NORMA-21661,19
33,NORMA-14279,20
33,NORMA-18591,21
33,NORMA-21245,22
33,NORMA-6199,23
33,NORMA-20070,24
33,NORMA-19009,25
33,NORMA-22101,26
33,NORMA-1663,27
33,NORMA-20208,28
33,NORMA-21496,29
33,NORMA-26124,30
33,NORMA-18293,31
33,NORMA-15561,32
33,NORMA-974,33
33,NORMA-1463,34
33,NORMA-21429,35
33,NORMA-21762,36
33,NORMA-21683,37
33,NORMA-21684,38
33,NORMA-20210,39
33,NORMA-21159,40
33,NORMA-20205,41
33,NORMA-18350,42
33,NORMA-1740,43
33,NORMA-21713,44
33,NORMA-3241,45
33,NORMA-19573,46
33,NORMA-13138,47
33,NORMA-21705,48
33,NORMA-21437,49
33,NORMA-28362,50
34,NORMA-18748,1
34,NORMA-3503,2
34,NORMA-13514,3
34,NORMA-20865,4
34,NORMA-6595,5
34,NORMA-21286,6
34,NORMA-20397,7
34,NORMA-25902,8
34,NORMA-18342,9
34,NORMA-19192,10
34,NORMA-570,11
34,NORMA-13797,12
34,NORMA-6389,13
34,NORMA-21606,14
34,NORMA-3966,15
34,NORMA-206,16
34,NORMA-21344,17
34,NORMA-21776,18
34,NORMA-21638,19
34,NORMA-21389,20
34,NORMA-21499,21
34,NORMA-21028,22
34,NORMA-20754,23
34,NORMA-19212,24
34,NORMA-21126,25
34,NORMA-19096,26
34,NORMA-21626,27
34,NORMA-18430,28
34,NORMA-17201,29
34,NORMA-21065,30
34,NORMA-18436,31
34,NORMA-6948,32
34,NORMA-19655,33
34,NORMA-12910,34
34,NORMA-21550,35
34,NORMA-22561,36
34,NORMA-21649,37
34,NORMA-20192,38
34,NORMA-20989,39
34,NORMA-20428,40
34,NORMA-21437,41
34,NORMA-21634,42
34,NORMA-3001,43
34,NORMA-8028,44
34,NORMA-20443,45
34,NORMA-21705,46
34,NORMA-20703,47
34,NORMA-21519,48
34,NORMA-616,49
34,NORMA-20632,50
35,NORMA-20445,1
35,NORMA-19829,2
35,NORMA-984,3
35,NORMA-20021,4
35,NORMA-21537,5
35,NORMA-19891,6
35,NORMA-20258,7
35,NORMA-21367,8
35,NORMA-17221,9
35,NORMA-20580,10
35,NORMA-20027,11
35,NORMA-818,12
35,NORMA-969,13
35,NORMA-3241,14
35,NORMA-28281,15
35,NORMA-28362,16
35,NORMA-18450,17
35,NORMA-21521,18
35,NORMA-21437,19
35,NORMA-19152,20
35,NORMA-28961,21
35,NORMA-15701,22
35,NORMA-21305,23
35,NORMA-25523,24
35,NORMA-21725,25
35,NORMA-19190,26
35,NORMA-11798,27
35,NORMA-18522,28
35,NORMA-21419,29
35,NORMA-21506,30
35,NORMA-19232,31
35,NORMA-26841,32
35,NORMA-22941,33
35,NORMA-21398,34
35,NORMA-20726,35
35,NORMA-18287,36
35,NORMA-28981,37
35,NORMA-19787,38
35,NORMA-3342,39
35,NORMA-28181,40
35,NORMA-20374,41
35,NORMA-19212,42
35,NORMA-25201,43
35,NORMA-2460,44
35,NORMA-20369,45
35,NORMA-21523,46
35,NORMA-21310,47
35,NORMA-21357,48
35,NORMA-21705,49
35,NORMA-21127,50
37,NORMA-15561,1
37,NORMA-21661,2
37,NORMA-3241,3
37,NORMA-28961,4
37,NORMA-17301,5
37,NORMA-15701,6
37,NORMA-21625,7
37,NORMA-19573,8
37,NORMA-15581,9
37,NORMA-27721,10
37,NORMA-3281,11
37,NORMA-15882,12
37,NORMA-18622,13
37,NORMA-18383,14
37,NORMA-27551,15
37,NORMA-27461,16
37,NORMA-29186,17
37,NORMA-28243,18
37,NORMA-27444,19
37,NORMA-16444,20
37,NORMA-15521,21
37,NORMA-23564,22
37,NORMA-27250,23
37,NORMA-18534,24
37,NORMA-28282,25
37,NORMA-15542,26
37,NORMA-25201,27
37,NORMA-29901,28
37,NORMA-19739,29
37,NORMA-26084,30
37,NORMA-19833,31
37,NORMA-20157,32
37,NORMA-27022,33
37,NORMA-14307,34
37,NORMA-27622,35
37,NORMA-462,36
37,NORMA-26083,37
37,NORMA-19841,38
37,NORMA-28181,39
37,NORMA-16268,40
37,NORMA-21756,41
37,NORMA-27602,42
37,NORMA-20113,43
37,NORMA-21210,44
37,NORMA-20097,45
37,NORMA-27555,46
37,NORMA-3674,47
37,NORMA-21211,48
37,NORMA-19981,49
37,NORMA-8393,50
38,NORMA-229,1
38,NORMA-2158,2
38,NORMA-2517,3
38,NORMA-1663,4
38,NORMA-21496,5
38,NORMA-20096,6
38,NORMA-20070,7
38,NORMA-20425,8
38,NORMA-21456,9
38,NORMA-19977,10
38,NORMA-21650,11
38,NORMA-1573,12
38,NORMA-18385,13
38,NORMA-21508,14
38,NORMA-19609,15
38,NORMA-19798,16
38,NORMA-1463,17
38,NORMA-19933,18
38,NORMA-974,19
38,NORMA-20849,20
38,NORMA-20029,21
38,NORMA-15921,22
38,NORMA-15561,23
38,NORMA-7279,24
38,NORMA-20208,25
38,NORMA-3241,26
38,NORMA-15901,27
38,NORMA-26124,28
38,NORMA-22101,29
38,NORMA-21245,30
38,NORMA-1740,31
38,NORMA-28362,32
38,NORMA-19009,33
38,NORMA-18591,34
38,NORMA-18293,35
38,NORMA-704,36
38,NORMA-19542,37
38,NORMA-1471,38
38,NORMA-19947,39
38,NORMA-21705,40
38,NORMA-20869,41
38,NORMA-20210,42
38,NORMA-21626,43
38,NORMA-19096,44
38,NORMA-21159,45
38,NORMA-20917,46
38,NORMA-13138,47
38,NORMA-21429,48
38,NORMA-21550,49
38,NORMA-19919,50
40,NORMA-21286,1
40,NORMA-18291,2
40,NORMA-19192,3
40,NORMA-21606,4
40,NORMA-20188,5
40,NORMA-21046,6
40,NORMA-18306,7
40,NORMA-18823,8
40,NORMA-11757,9
40,NORMA-21152,10
40,NORMA-11226,11
40,NORMA-20698,12
40,NORMA-20739,13
40,NORMA-18217,14
40,NORMA-2413,15
40,NORMA-11756,16
40,NORMA-20693,17
40,NORMA-18204,18
40,NORMA-21159,19
40,NORMA-18803,20
40,NORMA-18424,21
40,NORMA-18502,22
40,NORMA-18802,23
40,NORMA-18816,24
40,NORMA-2523,25
40,NORMA-27687,26
40,NORMA-11474,27
40,NORMA-18863,28
40,NORMA-20204,29
40,NORMA-25964,30
40,NORMA-25902,31
40,NORMA-14113,32
40,NORMA-18274,33
40,NORMA-19378,34
40,NORMA-18434,35
40,NORMA-21135,36
40,NORMA-19602,37
40,NORMA-19682,38
40,NORMA-19942,39
40,NORMA-21608,40
40,NORMA-19473,41
40,NORMA-19546,42
40,NORMA-1597,43
40,NORMA-20948,44
40,NORMA-19468,45
40,NORMA-19358,46
40,NORMA-20253,47
40,NORMA-21199,48
40,NORMA-21783,49
40,NORMA-20787,50
41,NORMA-21168,1
41,NORMA-21090,2
41,NORMA-20635,3
41,NORMA-1965,4
41,NORMA-20515,5
41,NORMA-20627,6
41,NORMA-21261,7
41,NORMA-20869,8
41,NORMA-21446,9
41,NORMA-20159,10
41,NORMA-20639,11
41,NORMA-2413,12
41,NORMA-26701,13
41,NORMA-2461,14
41,NORMA-20857,15
41,NORMA-21676,16
41,NORMA-20927,17
41,NORMA-21192,18
41,NORMA-19571,19
41,NORMA-20749,20
41,NORMA-21012,21
41,NORMA-18385,22
41,NORMA-21787,23
41,NORMA-19977,24
41,NORMA-21158,25
41,NORMA-1619,26
41,NORMA-1516,27
41,NORMA-854,28
41,NORMA-7323,29
41,NORMA-19853,30
41,NORMA-729,31
41,NORMA-24582,32
41,NORMA-1463,33
41,NORMA-416,34
41,NORMA-20870,35
41,NORMA-11614,36
41,NORMA-21521,37
41,NORMA-3381,38
41,NORMA-8061,39
41,NORMA-6690,40
41,NORMA-18844,41
41,NORMA-22561,42
41,NORMA-802,43
41,NORMA-21321,44
41,NORMA-59,45
41,NORMA-660,46
41,NORMA-801,47
41,NORMA-2013,48
41,NORMA-2185,49
41,NORMA-1006,50
42,NORMA-19648,1
42,NORMA-19653,2
42,NORMA-19004,3
42,NORMA-21764,4
42,NORMA-19639,5
42,NORMA-19975,6
42,NORMA-19974,7
42,NORMA-19976,8
42,NORMA-18686,9
42,NORMA-19969,10
42,NORMA-9597,11
42,NORMA-19375,12
42,NORMA-9824,13
42,NORMA-5340,14
42,NORMA-21283,15
42,NORMA-6347,16
42,NORMA-21534,17
42,NORMA-20056,18
42,NORMA-19151,19
42,NORMA-18959,20
42,NORMA-6076,21
42,NORMA-21353,22
42,NORMA-21448,23
42,NORMA-19709,24
42,NORMA-18875,25
42,NORMA-21601,26
42,NORMA-21576,27
42,NORMA-25202,28
42,NORMA-20983,29
42,NORMA-19939,30
42,NORMA-12313,31
42,NORMA-19265,32
42,NORMA-7225,33
42,NORMA-18284,34
42,NORMA-18730,35
42,NORMA-18456,36
42,NORMA-6783,37
42,NORMA-19503,38
42,NORMA-7222,39
42,NORMA-9724,40
42,NORMA-20955,41
42,NORMA-7386,42
42,NORMA-8435,43
42,NORMA-7113,44
42,NORMA-6140,45
42,NORMA-21762,46
42,NORMA-21684,47
42,NORMA-21683,48
42,NORMA-5496,49
42,NORMA-7466,50
43,NORMA-21291,1
43,NORMA-21060,2
43,NORMA-19585,3
43,NORMA-21250,4
43,NORMA-21690,5
43,NORMA-18202,6
43,NORMA-19565,7
43,NORMA-21129,8
43,NORMA-21008,9
43,NORMA-19448,10
43,NORMA-18559,11
43,NORMA-18648,12
43,NORMA-19729,13
43,NORMA-19644,14
43,NORMA-18302,15
43,NORMA-19180,16
43,NORMA-19852,17
43,NORMA-19595,18
43,NORMA-19780,19
43,NORMA-21058,20
43,NORMA-18939,21
43,NORMA-18332,22
43,NORMA-21121,23
43,NORMA-18900,24
43,NORMA-18428,25
43,NORMA-19794,26
43,NORMA-11601,27
43,NORMA-19835,28
43,NORMA-18545,29
43,NORMA-19179,30
43,NORMA-19440,31
43,NORMA-19175,32
43,NORMA-18407,33
43,NORMA-19741,34
43,NORMA-19466,35
43,NORMA-18540,36
43,NORMA-19377,37
43,NORMA-20180,38
43,NORMA-20104,39
43,NORMA-18531,40
43,NORMA-18243,41
43,NORMA-11713,42
43,NORMA-14850,43
43,NORMA-19768,44
43,NORMA-14688,45
43,NORMA-15229,46
43,NORMA-19972,47
43,NORMA-19629,48
43,NORMA-18882,49
43,NORMA-13345,50
44,NORMA-18916,1
44,NORMA-4561,2
44,NORMA-4689,3
44,NORMA-5814,4
44,NORMA-19770,5
44,NORMA-5561,6
44,NORMA-19746,7
44,NORMA-5437,8
44,NORMA-4627,9
44,NORMA-3785,10
44,NORMA-19760,11
44,NORMA-13602,12
44,NORMA-15145,13
44,NORMA-14714,14
44,NORMA-14644,15
44,NORMA-26684,16
44,NORMA-16321,17
44,NORMA-19518,18
44,NORMA-25801,19
44,NORMA-27543,20
44,NORMA-10709,21
44,NORMA-15781,22
44,NORMA-15046,23
44,NORMA-23281,24
44,NORMA-14384,25
44,NORMA-15373,26
44,NORMA-13774,27
44,NORMA-28341,28
44,NORMA-12824,29
44,NORMA-13708,30
44,NORMA-6978,31
44,NORMA-14229,32
44,NORMA-19758,33
44,NORMA-14849,34
44,NORMA-7547,35
44,NORMA-5895,36
44,NORMA-21151,37
44,NORMA-19772,38
44,NORMA-19454,39
44,NORMA-18901,40
44,NORMA-19998,41
44,NORMA-19808,42
44,NORMA-19749,43
44,NORMA-19771,44
44,NORMA-21049,45
44,NORMA-20596,46
44,NORMA-4355,47
44,NORMA-19759,48
44,NORMA-18893,49
44,NORMA-19627,50
45,NORMA-18696,1
45,NORMA-20300,2
45,NORMA-21616,3
45,NORMA-21477,4
45,NORMA-21279,5
45,NORMA-19316,6
45,NORMA-13635,7
45,NORMA-21342,8
45,NORMA-19245,9
45,NORMA-19535,10
45,NORMA-18722,11
45,NORMA-19329,12
45,NORMA-19704,13
45,NORMA-19158,14
45,NORMA-6322,15
45,NORMA-6674,16
45,NORMA-11784,17
45,NORMA-12233,18
45,NORMA-4423,19
45,NORMA-11788,20
45,NORMA-12229,21
45,NORMA-12011,22
45,NORMA-12041,23
45,NORMA-12007,24
45,NORMA-12003,25
45,NORMA-12231,26
45,NORMA-11852,27
45,NORMA-12000,28
45,NORMA-12230,29
45,NORMA-19356,30
45,NORMA-21531,31
45,NORMA-19558,32
45,NORMA-21714,33
45,NORMA-21681,34
45,NORMA-21422,35
45,NORMA-7381,36
45,NORMA-5421,37
45,NORMA-11683,38
45,NORMA-11630,39
45,NORMA-11778,40
45,NORMA-4710,41
45,NORMA-6199,42
45,NORMA-7384,43
45,NORMA-19905,44
45,NORMA-8027,45
45,NORMA-20198,46
45,NORMA-7466,47
45,NORMA-889,48
45,NORMA-20225,49
45,NORMA-21326,50
46,NORMA-20945,1
46,NORMA-21207,2
46,NORMA-18202,3
46,NORMA-2137,4
46,NORMA-20982,5
46,NORMA-19565,6
46,NORMA-20900,7
46,NORMA-7111,8
46,NORMA-13245,9
46,NORMA-1662,10
46,NORMA-14516,11
46,NORMA-20690,12
46,NORMA-14395,13
46,NORMA-18420,14
46,NORMA-14589,15
46,NORMA-1714,16
46,NORMA-10226,17
46,NORMA-19466,18
46,NORMA-18836,19
46,NORMA-21406,20
46,NORMA-14233,21
46,NORMA-12174,22
46,NORMA-18540,23
46,NORMA-12585,24
46,NORMA-12162,25
46,NORMA-12791,26
46,NORMA-13334,27
46,NORMA-20278,28
46,NORMA-21205,29
46,NORMA-31904,30
46,NORMA-21766,31
46,NORMA-19746,32
46,NORMA-11713,33
46,NORMA-19377,34
46,NORMA-2629,35
46,NORMA-1723,36
46,NORMA-1681,37
46,NORMA-19474,38
46,NORMA-1658,39
46,NORMA-3121,40
46,NORMA-11612,41
46,NORMA-323,42
46,NORMA-1727,43
46,NORMA-2276,44
46,NORMA-2081,45
46,NORMA-20714,46
46,NORMA-21460,47
46,NORMA-1702,48
46,NORMA-21545,49
46,NORMA-19379,50
47,NORMA-878,1
47,NORMA-82,2
47,NORMA-754,3
47,NORMA-1250,4
47,NORMA-2089,5
47,NORMA-594,6
47,NORMA-1291,7
47,NORMA-1317,8
47,NORMA-75,9
47,NORMA-2066,10
47,NORMA-220,11
47,NORMA-834,12
47,NORMA-2546,13
47,NORMA-2146,14
47,NORMA-1085,15
47,NORMA-509,16
47,NORMA-579,17
47,NORMA-224,18
47,NORMA-2567,19
47,NORMA-968,20
47,NORMA-2032,21
47,NORMA-1224,22
47,NORMA-1416,23
47,NORMA-1239,24
47,NORMA-1212,25
47,NORMA-1072,26
47,NORMA-618,27
47,NORMA-1321,28
47,NORMA-1966,29
47,NORMA-2371,30
47,NORMA-1046,31
47,NORMA-15541,32
47,NORMA-122,33
47,NORMA-749,34
47,NORMA-2069,35
47,NORMA-19676,36
47,NORMA-19666,37
47,NORMA-2046,38
47,NORMA-2091,39
47,NORMA-766,40
47,NORMA-1840,41
47,NORMA-2478,42
47,NORMA-1188,43
47,NORMA-736,44
47,NORMA-798,45
47,NORMA-751,46
47,NORMA-1390,47
47,NORMA-29165,48
47,NORMA-1786,49
47,NORMA-21607,50
48,NORMA-19786,1
48,NORMA-20140,2
48,NORMA-23222,3
48,NORMA-20812,4
48,NORMA-21583,5
48,NORMA-18747,6
48,NORMA-6655,7
48,NORMA-21744,8
48,NORMA-13696,9
48,NORMA-20797,10
48,NORMA-21721,11
48,NORMA-21631,12
48,NORMA-21261,13
48,NORMA-18839,14
48,NORMA-21648,15
48,NORMA-21220,16
48,NORMA-19205,17
48,NORMA-12706,18
48,NORMA-18691,19
48,NORMA-21450,20
48,NORMA-18201,21
48,NORMA-20865,22
48,NORMA-19646,23
48,NORMA-22101,24
48,NORMA-21225,25
48,NORMA-21301,26
48,NORMA-3342,27
48,NORMA-21474,28
48,NORMA-21470,29
48,NORMA-21443,30
48,NORMA-20139,31
48,NORMA-21361,32
48,NORMA-13802,33
48,NORMA-18646,34
48,NORMA-19730,35
48,NORMA-10326,36
48,NORMA-14618,37
48,NORMA-26163,38
48,NORMA-21461,39
48,NORMA-1999,40
48,NORMA-14474,41
48,NORMA-12872,42
48,NORMA-13106,43
48,NORMA-7773,44
48,NORMA-21522,45
48,NORMA-15542,46
48,NORMA-28203,47
48,NORMA-21276,48
48,NORMA-21586,49
48,NORMA-20995,50
49,NORMA-1408,1
49,NORMA-1390,2
49,NORMA-833,3
49,NORMA-1332,4
49,NORMA-751,5
49,NORMA-736,6
49,NORMA-875,7
49,NORMA-996,8
49,NORMA-976,9
49,NORMA-385,10
49,NORMA-798,11
49,NORMA-1674,12
49,NORMA-18446,13
49,NORMA-1188,14
49,NORMA-1863,15
49,NORMA-1295,16
49,NORMA-21431,17
49,NORMA-19233,18
49,NORMA-20137,19
49,NORMA-28362,20
49,NORMA-21367,21
49,NORMA-20800,22
49,NORMA-12039,23
49,NORMA-20914,24
49,NORMA-20918,25
49,NORMA-20793,26
49,NORMA-28281,27
49,NORMA-20853,28
49,NORMA-21521,29
49,NORMA-18549,30
49,NORMA-18762,31
49,NORMA-680,32
49,NORMA-21705,33
49,NORMA-20505,34
49,NORMA-19152,35
49,NORMA-3201,36
49,NORMA-3382,37
49,NORMA-20723,38
49,NORMA-28001,39
49,NORMA-13508,40
49,NORMA-704,41
49,NORMA-13160,42
49,NORMA-20512,43
49,NORMA-9217,44
49,NORMA-20290,45
49,NORMA-20682,46
49,NORMA-20904,47
49,NORMA-18205,48
49,NORMA-20007,49
49,NORMA-20369,50
50,NORMA-21267,1
50,NORMA-13138,2
50,NORMA-11316,3
50,NORMA-17201,4
50,NORMA-13094,5
50,NORMA-28203,6
50,NORMA-21299,7
50,NORMA-24582,8
50,NORMA-11588,9
50,NORMA-18501,10
50,NORMA-2383,11
50,NORMA-11757,12
50,NORMA-11665,13
50,NORMA-11664,14
50,NORMA-21025,15
50,NORMA-18762,16
50,NORMA-21792,17
50,NORMA-21367,18
50,NORMA-18806,19
50,NORMA-18807,20
50,NORMA-11614,21
50,NORMA-11756,22
50,NORMA-21739,23
50,NORMA-18492,24
50,NORMA-22561,25
50,NORMA-18823,26
50,NORMA-21046,27
50,NORMA-18772,28
50,NORMA-18863,29
50,NORMA-21043,30
50,NORMA-21028,31
50,NORMA-6819,32
50,NORMA-6820,33
50,NORMA-5252,34
50,NORMA-19152,35
50,NORMA-6970,36
50,NORMA-18306,37
50,NORMA-18773,38
50,NORMA-19212,39
50,NORMA-11570,40
50,NORMA-18233,41
50,NORMA-21521,42
50,NORMA-21158,43
50,NORMA-21152,44
50,NORMA-7011,45
50,NORMA-21419,46
50,NORMA-11600,47
50,NORMA-18539,48
50,NORMA-18552,49
50,NORMA-18377,50
